Workbook

Sheet Сводная статистика
A2: Общая статистика печати | X2: ='Сводная статистика'!A17 -> Отменено | Y2: ='Сводная статистика'!B17 -> 1237 | Z2: ='Сводная статистика'!A17&" "&TEXT('Сводная статистика'!B17,"0") -> Отменено 1237
A3: 10 доступных принтеров. Срез на 7 октября 2026 года. | X3: ='Сводная статистика'!A16 -> Завершено | Y3: ='Сводная статистика'!B16 -> 3063 | Z3: ='Сводная статистика'!A16&" "&TEXT('Сводная статистика'!B16,"0") -> Завершено 3063
X4: ='Сводная статистика'!A18 -> Аварийная остановка | Y4: ='Сводная статистика'!B18 -> 244 | Z4: ="Аварийная"&CHAR(10)&"остановка "&TEXT('Сводная статистика'!B18,"0") -> Аварийная остановка 244
X5: ='Сводная статистика'!A19 -> Ошибка | Y5: ='Сводная статистика'!B19 -> 72 | Z5: ='Сводная статистика'!A19&" "&TEXT('Сводная статистика'!B19,"0") -> Ошибка 72
A6: Общая статистика | B6: Значение | X6: ='Сводная статистика'!A20 -> Ошибка системы | Y6: ='Сводная статистика'!B20 -> 12 | Z6: ='Сводная статистика'!A20&" "&TEXT('Сводная статистика'!B20,"0") -> Ошибка системы 12
A7: Количество принтеров | B7: =COUNTA('Данные принтеров'!A2:A11) -> 10 | X7: ='Сводная статистика'!A21 -> Неудачно | Y7: ='Сводная статистика'!B21 -> 12 | Z7: ='Сводная статистика'!A21&" "&TEXT('Сводная статистика'!B21,"0") -> Неудачно 12
A8: Общее время печати | B8: =INT(ROUND('Данные принтеров'!C14,0)/86400)&" д "&TEXT(ROUND('Данные принтеров'!C14,0)/86400,"h"" ч ""m"" мин ""s"" с""") -> 765 д h ч m мин s с
A9: Наибольшее время одной печати | B9: =INT(ROUND('Данные принтеров'!D14,0)/86400)&" д "&TEXT(ROUND('Данные принтеров'!D14,0)/86400,"h"" ч ""m"" мин ""s"" с""") -> 4 д h ч m мин s с
A10: Среднее время печати | B10: =TEXT(ROUND('Данные принтеров'!C14/'Данные принтеров'!F14,0)/86400,"h"" ч ""m"" мин ""s"" с""") -> h ч m мин s с
A11: Использовано материала, м | B11: =ROUND('Данные принтеров'!E14/1000,1) -> 51760.1
A12: Всего заданий на печать | B12: ='Данные принтеров'!F14 -> 4667
A15: Статус задания | B15: Количество | C15: Доля
A16: Завершено | B16: ='Данные принтеров'!H14 -> 3063 | C16: =B16/$B$22 -> 0.66012931
A17: Отменено | B17: ='Данные принтеров'!I14 -> 1237 | C17: =B17/$B$22 -> 0.26659483
A18: Аварийная остановка | B18: ='Данные принтеров'!J14 -> 244 | C18: =B18/$B$22 -> 0.052586207
A19: Ошибка | B19: ='Данные принтеров'!K14 -> 72 | C19: =B19/$B$22 -> 0.015517241
A20: Ошибка системы | B20: ='Данные принтеров'!L14 -> 12 | C20: =B20/$B$22 -> 0.0025862069
A21: Неудачно | B21: ='Данные принтеров'!M14 -> 12 | C21: =B21/$B$22 -> 0.0025862069
A22: Всего по статусам | B22: =SUM(B16:B21) -> 4640 | C22: =SUM(C16:C21) -> 1
A25: Разница между счётчиками | B25: =B12-B22 -> 27
A26: Общий счётчик STE APP и сумма категорий расходятся.
A27: Среднее время рассчитано по общему счётчику заданий.
A28: Диаграмма учитывает все шесть статусов, без строки «Всего».

Sheet Данные принтеров
A1: Принтер | B1: IP | C1: Общее время, с | D1: Максимальное время, с | E1: Материал, мм | F1: Общий счётчик | G1: Всего по статусам | H1: Завершено | I1: Отменено | J1: Аварийная остановка | K1: Ошибка | L1: Ошибка системы | M1: Неудачно | N1: Источник
A2: ST-WHE | B2: 192.168.155.114 | C2: 3283432.3 | D2: 407840.88 | E2: 2808645.5 | F2: 285 | G2: 290 | H2: 144 | I2: 124 | J2: 14 | K2: 7 | L2: 0 | M2: 1 | N2: http://192.168.155.114:7125
A3: ST-AB3 | B3: 192.168.155.27 | C3: 5110124.7 | D3: 240826.94 | E3: 3819551.6 | F3: 289 | G3: 292 | H3: 170 | I3: 104 | J3: 14 | K3: 3 | L3: 0 | M3: 1 | N3: http://192.168.155.27:7125
A4: ST-VFV | B4: 192.168.155.87 | C4: 1342122.4 | D4: 68287.82 | E4: 1323972.6 | F4: 89 | G4: 88 | H4: 56 | I4: 17 | J4: 11 | K4: 2 | L4: 0 | M4: 2 | N4: http://192.168.155.87:7125
A5: ST-AJN | B5: 192.168.155.29 | C5: 2599878.8 | D5: 92067.799 | E5: 2608315 | F5: 222 | G5: 256 | H5: 111 | I5: 69 | J5: 66 | K5: 10 | L5: 0 | M5: 0 | N5: http://192.168.155.29:7125
A6: ST-WV1 | B6: 192.168.155.77 | C6: 1285879.8 | D6: 62521.024 | E6: 1678266.2 | F6: 129 | G6: 133 | H6: 81 | I6: 41 | J6: 9 | K6: 2 | L6: 0 | M6: 0 | N6: http://192.168.155.77:7125
A7: ST-FRH | B7: 192.168.155.89 | C7: 12319851 | D7: 201447.63 | E7: 9054976.1 | F7: 1039 | G7: 1046 | H7: 736 | I7: 257 | J7: 40 | K7: 6 | L7: 1 | M7: 6 | N7: http://192.168.155.89:7125
A8: ST-SHB | B8: 192.168.155.48 | C8: 14764661 | D8: 195748.65 | E8: 10839956 | F8: 1459 | G8: 1359 | H8: 921 | I8: 351 | J8: 51 | K8: 31 | L8: 3 | M8: 2 | N8: http://192.168.155.48:7125
A9: ST-BRJ | B9: 192.168.155.80 | C9: 34640.541 | D9: 12480.126 | E9: 48226.915 | F9: 7 | G9: 7 | H9: 6 | I9: 1 | J9: 0 | K9: 0 | L9: 0 | M9: 0 | N9: http://192.168.155.80:7125
A10: ST-86R | B10: 192.168.155.171 | C10: 25351415 | D10: 114006.3 | E10: 19547414 | F10: 1119 | G10: 1139 | H10: 825 | I10: 258 | J10: 37 | K10: 11 | L10: 8 | M10: 0 | N10: http://192.168.155.171:7125
A11: ST-Y10 | B11: 192.168.155.136 | C11: 31495.801 | D11: 7806.7208 | E11: 30742.255 | F11: 29 | G11: 30 | H11: 13 | I11: 15 | J11: 2 | K11: 0 | L11: 0 | M11: 0 | N11: http://192.168.155.136:7125
A14: Итого / максимум | C14: =SUM(C2:C11) -> 66123501 | D14: =MAX(D2:D11) -> 407840.88 | E14: =SUM(E2:E11) -> 51760067 | F14: =SUM(F2:F11) -> 4667 | G14: =SUM(G2:G11) -> 4640 | H14: =SUM(H2:H11) -> 3063 | I14: =SUM(I2:I11) -> 1237 | J14: =SUM(J2:J11) -> 244 | K14: =SUM(K2:K11) -> 72 | L14: =SUM(L2:L11) -> 12 | M14: =SUM(M2:M11) -> 12
A16: Период: вся сохранённая история, без фильтра по датам.
A17: Источник: прямые ответы STE APP от 07.10.2026, около 17:10 по Москве.
A18: Общий счётчик: /server/printjobs/totals. Статусы: /server/printjobs/stats.
A19: Выгружены 10 доступных принтеров из 19 адресов.
A20: Недоступные адреса и исходные ответы сохранены в отдельном отчёте выгрузки.
